State,Crop_Type,Records,Avg_Yield,Avg_Market_Price,Avg_Revenue,Avg_Profit,Avg_Profit_per_Ha
Karnataka,Barley,125,4.43584,37061.106719999996,368529175.32858896,132629.296,59.55390057809635
Karnataka,Cotton,114,5.1626315789473685,37301.46807017544,465244486.4648894,164986.52631578947,64.92101755536802
Karnataka,Maize,123,4.6189430894308945,37049.89991869919,452811067.59248596,158152.61788617886,60.24576497444161
Karnataka,Millets,120,4.9945,40391.69783333333,548038031.9376949,166306.11666666667,65.22008002420368
Karnataka,Pulses,119,4.965882352941177,38126.06848739496,485028152.3531217,175834.0588235294,65.67829642515534
Karnataka,Rice,140,4.717642857142858,36871.048428571434,418198717.4728259,145590.5,60.96729154771048
Karnataka,Sugarcane,125,4.815519999999999,38496.08408,464947919.6706815,157617.744,62.13429063810917
Karnataka,Wheat,124,4.767822580645162,39688.03548387097,473203930.64727145,152333.87903225806,60.69581277124752
Maharashtra,Barley,141,4.550425531914894,36241.649219858155,387498071.0900448,139135.53191489363,60.20303192893728
Maharashtra,Cotton,132,4.816515151515151,36586.32787878788,436949193.8898602,156100.1590909091,63.30523032040708
Maharashtra,Maize,117,4.547435897435897,38647.284529914534,437377313.48797846,151334.10256410256,59.166835840922296
Maharashtra,Millets,129,5.028372093023256,37658.38403100775,497202219.8154467,171994.55813953487,66.79999960212463
Maharashtra,Pulses,106,4.619150943396226,37890.17481132075,442240073.7126622,147478.5283018868,59.53213864837278
Maharashtra,Rice,136,4.9718382352941175,38334.01272058824,467990255.03266954,164030.1838235294,64.2815928125766
Maharashtra,Sugarcane,114,4.804210526315789,36719.22228070175,488770762.12708986,167248.07894736843,61.05943018011475
Maharashtra,Wheat,115,4.443478260869565,39899.745130434785,481183716.3303005,152981.8347826087,58.360835107446206
Punjab,Barley,128,5.096484375,39669.341171875,542753455.1583426,173859.4453125,65.93957970245116
Punjab,Cotton,130,4.607538461538462,35156.89446153846,378001512.4137959,148276.25384615385,61.83135692654864
Punjab,Maize,134,4.69089552238806,39373.835447761194,509281118.8584353,172617.20895522388,60.7436274787896
Punjab,Millets,122,4.765983606557377,36702.62598360656,451388062.6007959,164167.55737704918,61.17641533541974
Punjab,Pulses,125,4.66664,38751.50872,455135548.4888382,152933.304,61.9493789542042
Punjab,Rice,113,5.156991150442478,35461.63309734513,477246461.66936344,180245.41592920353,66.96045718471447
Punjab,Sugarcane,111,5.286666666666667,38716.82846846847,544247428.912048,173915.2972972973,67.7810373121109
Punjab,Wheat,127,4.8546456692913385,38076.45165354331,512436321.3955348,163965.5039370079,61.328941250766114
Rajasthan,Barley,136,4.920514705882352,40021.754411764705,536003201.5224598,173996.98529411765,62.84657670820675
Rajasthan,Cotton,121,4.652561983471075,39648.23305785124,435486892.662233,137730.65289256198,59.59639096831871
Rajasthan,Maize,133,4.516992481203007,37799.296090225565,451231199.8515246,159419.6766917293,57.23535077465858
Rajasthan,Millets,113,4.919911504424779,38391.628141592926,504666682.9059372,163310.6814159292,63.166636359001984
Rajasthan,Pulses,122,4.47155737704918,40154.945163934426,415508645.7959846,129920.2131147541,56.97167044962405
Rajasthan,Rice,117,4.904529914529915,35987.497948717944,504384588.84073657,182000.88034188034,67.0664915607151
Rajasthan,Sugarcane,136,4.810367647058824,36712.40110294118,457452967.6074959,157682.1911764706,62.56505624197602
Rajasthan,Wheat,112,4.496875,36343.509375,418193967.9317502,153541.5267857143,59.940138220761064
Tamil Nadu,Barley,122,5.060819672131148,37922.44549180328,485240846.01531416,165124.2868852459,65.98764988096507
Tamil Nadu,Cotton,115,4.750347826086956,36817.67104347826,466433889.7671824,167911.25217391303,62.49713759218178
Tamil Nadu,Maize,104,4.924326923076923,37996.839711538465,477218560.6502196,165444.34615384616,64.83773317085314
Tamil Nadu,Millets,133,4.902406015037593,38299.20172932331,452199262.77921605,148974.62406015038,61.765201685561756
Tamil Nadu,Pulses,117,4.841709401709402,38412.36034188034,462828060.98220223,160965.81196581197,62.12538943499395
Tamil Nadu,Rice,145,4.714965517241379,38119.92855172414,435820728.5633044,159612.4551724138,63.51984045120233
Tamil Nadu,Sugarcane,115,5.072608695652174,37575.67113043478,469435837.60287374,167552.58260869567,66.31191224382968
Tamil Nadu,Wheat,139,4.6665467625899275,36363.48575539568,427335485.7781516,145786.69064748203,58.51818715031525
Uttar Pradesh,Barley,145,4.842413793103448,39549.71462068966,531475806.6595034,173192.75862068965,62.89632660167423
Uttar Pradesh,Cotton,121,4.905785123966942,37940.99421487603,454854296.860413,163064.57024793388,65.90239179149073
Uttar Pradesh,Maize,112,4.8030357142857145,40340.488750000004,436539073.3226522,144916.54464285713,61.71124945445139
Uttar Pradesh,Millets,111,4.591081081081081,40454.573333333334,444192435.47342765,146930.00900900902,59.74337910528919
Uttar Pradesh,Pulses,111,5.196756756756757,39478.78774774775,525377370.5882603,168697.31531531533,67.46108053691502
Uttar Pradesh,Rice,132,4.8362878787878785,42332.50212121212,578713076.1393784,179943.0303030303,62.93375226599977
Uttar Pradesh,Sugarcane,118,4.782542372881356,39471.7693220339,505496213.2069818,163068.34745762713,60.5598008821751
Uttar Pradesh,Wheat,140,5.1105,36944.620357142856,554566222.0051975,177995.35714285713,66.0504381804296
Uttarakhand,Barley,123,4.754146341463414,39771.13130081301,505883127.8694837,164569.0325203252,61.64479479527452
Uttarakhand,Cotton,127,4.796535433070866,37599.9162992126,466744279.8220067,158904.031496063,62.33727798010457
Uttarakhand,Maize,112,4.855357142857143,39827.859375,479649713.4409866,165992.1517857143,64.68304742503967
Uttarakhand,Millets,129,4.714031007751938,37449.918139534886,412811064.61406106,147124.43410852714,59.53545516857729
Uttarakhand,Pulses,129,4.86139534883721,38424.91217054264,455974047.1763343,152582.90697674418,62.59737284635197
Uttarakhand,Rice,125,5.0563199999999995,38815.09824,495513060.3211838,160511.696,64.86434223051474
Uttarakhand,Sugarcane,113,4.921504424778761,37182.98584070797,434164366.9281548,167183.67256637168,65.6990124436997
Uttarakhand,Wheat,132,5.178636363636364,41380.65393939394,524031587.7676126,163647.31818181818,67.08040730628535
West Bengal,Barley,120,5.03425,36221.33983333334,464733297.0166375,169932.375,67.61891574625909
West Bengal,Cotton,130,4.833923076923076,37866.83092307692,465506131.2373866,162594.73846153845,62.85410364941429
West Bengal,Maize,109,4.926330275229358,37110.89275229358,445928314.67997926,160897.63302752294,63.73469242188706
West Bengal,Millets,130,4.685153846153846,41242.392,509212815.1287906,161079.3,60.27462002498584
West Bengal,Pulses,131,4.967251908396947,39463.05916030534,486045412.03291225,156286.25954198473,62.10140397982528
West Bengal,Rice,128,4.803671875,39523.65296875,512372542.68843186,171804.0390625,62.02464035111907
West Bengal,Sugarcane,123,4.854552845528455,38751.412276422765,491597605.9326166,164570.9024390244,63.13002042171195
West Bengal,Wheat,119,5.0615966386554625,37192.35403361345,475138260.04046607,169287.05042016806,65.9616290741265
